{
  "project_info": {
    "project_number": "605890329229",
    "firebase_url": "https://success-5eb71.firebaseio.com",
    "project_id": "success-5eb71",
    "storage_bucket": "success-5eb71.appspot.com"
  },
  "client": [
    {
      "client_info": {
        "mobilesdk_app_id": "1:605890329229:android:0c215e420216a0233500c4",
        "android_client_info": {
          "package_name": "medu.success"
        }
      },
      "oauth_client": [
        {
          "client_id": "605890329229-ed3h94mh174eejq4fei83is9mc49f0l4.apps.googleusercontent.com",
          "client_type": 1,
          "android_info": {
            "package_name": "medu.success",
            "certificate_hash": "aea54db8396d73a46806ed79765275bec2ca19f1"
          }
        },
        {
          "client_id": "605890329229-bto5tbd8juo0uu57ovhig7gh7sj9badq.apps.googleusercontent.com",
          "client_type": 3
        }
      ],
      "api_key": [
        {
          "current_key": "AIzaSyDUPqQX2C3T_CqT53ExAxbppkWJURwdq5E"
        }
      ],
      "services": {
        "appinvite_service": {
          "other_platform_oauth_client": [
            {
              "client_id": "605890329229-bto5tbd8juo0uu57ovhig7gh7sj9badq.apps.googleusercontent.com",
              "client_type": 3
            }
          ]
        }
      }
    }
  ],
  "configuration_version": "1"
}